age,gender,demographic,interest,device_type,device_brand,location,platform,profession,income,indebt,homeowner,owns_cars
19,Male,urban,Sports,Mobile,Tecno,US,Instagram,Student,20847,True,False,True
48,Male,urban,Sports,Mobile,Vivo,UK,Facebook,Doctor,90797,False,False,False
46,Male,rural,Porn,Desktop,Apple,Tanzania,Instagram,Teacher,73844,True,False,True
63,Male,rural,Sports,Desktop,Samsung,US,Twitter,Manager,48276,True,True,True
55,Female,urban,Fashion,Table,Iphone,Canada,LinkedIn,Manager,73124,True,True,False
45,Male,urban,Technology,Desktop,Apple,Canada,Twitter,Teacher,129039,False,False,False
14,Male,suburban,Porn,Table,GooglePexel,Canada,Twitter,Student,143821,False,True,True
17,Male,urban,Travel,Desktop,Apple,UK,Facebook,Manager,62001,True,False,False
27,Female,rural,Technology,Mobile,Vivo,Canada,LinkedIn,Student,110858,True,True,False
64,Female,urban,Sports,Mobile,Microsoft,Canada,Twitter,Doctor,140089,True,False,False
16,Male,urban,Fashion,Desktop,Tecno,US,Twitter,Manager,74375,False,True,True
49,Female,rural,Travel,Table,Apple,UK,Instagram,Doctor,96821,False,True,True
60,Male,rural,Fashion,Desktop,Microsoft,US,Twitter,Manager,83134,True,True,False
62,Female,rural,Travel,Table,Vivo,Tanzania,Twitter,Student,33194,True,False,False
40,Male,suburban,Sports,Mobile,Microsoft,Tanzania,Twitter,Engineer,43496,True,False,False
37,Male,rural,Porn,Mobile,Itel,Canada,LinkedIn,Engineer,111733,True,True,False
20,Male,suburban,Porn,Desktop,GooglePexel,Canada,Twitter,Doctor,52217,False,True,False
18,Male,suburban,Travel,Table,Vivo,Canada,Instagram,Manager,64662,False,True,True
35,Female,rural,Porn,Table,Tecno,UK,Facebook,Doctor,40843,False,True,True
41,Male,suburban,Fashion,Mobile,Vivo,Tanzania,LinkedIn,Teacher,66199,True,False,True
45,Female,rural,Travel,Table,Tecno,US,Twitter,Doctor,46838,True,False,False
63,Female,suburban,Technology,Desktop,Microsoft,US,Twitter,Student,123474,True,False,False
57,Female,suburban,Fashion,Table,Samsung,UK,Twitter,Teacher,31751,False,False,False
24,Female,urban,Sports,Table,Tecno,US,LinkedIn,Manager,43632,True,True,True
38,Female,rural,Sports,Table,Vivo,Tanzania,LinkedIn,Manager,142618,False,False,True
41,Female,urban,Porn,Desktop,Itel,Canada,LinkedIn,Student,87744,True,False,False
18,Male,suburban,Porn,Table,Microsoft,US,Instagram,Student,121518,False,False,True
59,Female,suburban,Technology,Table,Apple,Tanzania,LinkedIn,Teacher,91775,False,True,True
20,Female,rural,Fashion,Mobile,Microsoft,Canada,LinkedIn,Doctor,135991,True,False,True
50,Male,rural,Porn,Table,Vivo,US,Facebook,Manager,62100,True,False,False
62,Female,rural,Fashion,Desktop,Iphone,Canada,Twitter,Teacher,128556,False,True,False
32,Female,rural,Travel,Desktop,Apple,Canada,Twitter,Manager,76859,False,False,False
38,Female,rural,Travel,Mobile,GooglePexel,Tanzania,Facebook,Manager,79480,True,False,False
36,Female,urban,Technology,Mobile,Samsung,Tanzania,Twitter,Engineer,67534,False,True,False
59,Male,urban,Travel,Table,Apple,Tanzania,LinkedIn,Teacher,144908,True,False,True
22,Female,urban,Travel,Desktop,Samsung,Tanzania,Facebook,Student,85102,True,True,True
63,Male,suburban,Travel,Table,Apple,Tanzania,LinkedIn,Student,149844,False,True,False
22,Male,urban,Sports,Mobile,Itel,US,LinkedIn,Manager,115261,False,True,False
53,Male,rural,Sports,Desktop,Tecno,US,Facebook,Doctor,38821,False,True,True
36,Female,rural,Porn,Mobile,Samsung,US,Instagram,Doctor,83894,False,True,False
50,Female,suburban,Travel,Mobile,Vivo,UK,Twitter,Manager,146393,False,True,True
31,Female,suburban,Porn,Mobile,Microsoft,Canada,Facebook,Student,27254,True,False,True
20,Female,urban,Porn,Table,Samsung,Tanzania,Facebook,Student,114047,True,True,True
41,Female,suburban,Fashion,Desktop,Apple,UK,Twitter,Doctor,52719,False,False,True
14,Female,suburban,Travel,Table,Iphone,US,Instagram,Student,57305,False,True,True
62,Female,suburban,Sports,Mobile,Vivo,US,Twitter,Student,69389,False,False,False
61,Female,suburban,Travel,Desktop,Itel,Tanzania,Instagram,Student,103438,True,False,False
55,Male,rural,Travel,Mobile,Samsung,Canada,LinkedIn,Engineer,66863,False,True,True
25,Female,suburban,Porn,Mobile,Iphone,Canada,Facebook,Student,61285,True,True,True
29,Male,suburban,Technology,Desktop,Tecno,US,LinkedIn,Manager,68031,True,True,False
31,Female,suburban,Sports,Desktop,Tecno,Tanzania,Twitter,Student,123135,False,False,True
46,Male,rural,Porn,Mobile,Microsoft,US,Instagram,Engineer,121395,False,False,False
19,Male,suburban,Fashion,Mobile,Samsung,Canada,LinkedIn,Manager,80159,True,True,True
31,Female,rural,Sports,Mobile,GooglePexel,UK,LinkedIn,Doctor,136705,False,False,False
43,Female,rural,Travel,Table,Itel,UK,Instagram,Engineer,88229,False,False,False
41,Male,rural,Porn,Mobile,Samsung,US,Instagram,Doctor,144322,True,False,False
25,Male,suburban,Technology,Table,Vivo,UK,Facebook,Teacher,67820,False,False,True
41,Female,suburban,Travel,Desktop,Microsoft,US,Facebook,Student,29101,False,True,False
38,Male,urban,Fashion,Desktop,Tecno,Canada,Instagram,Teacher,129640,False,False,True
58,Male,urban,Technology,Table,Apple,Tanzania,Instagram,Doctor,87373,True,True,False
44,Male,urban,Technology,Table,Tecno,Canada,Instagram,Doctor,126681,True,True,False
38,Female,rural,Travel,Mobile,Microsoft,UK,Facebook,Teacher,79180,True,True,True
40,Female,rural,Travel,Mobile,Samsung,Tanzania,Twitter,Manager,27080,False,False,True
39,Female,urban,Travel,Desktop,Apple,Tanzania,LinkedIn,Teacher,134461,True,True,True
25,Female,suburban,Fashion,Table,Itel,US,Instagram,Engineer,28613,True,True,False
21,Male,rural,Travel,Desktop,Tecno,UK,LinkedIn,Doctor,146114,True,False,True
17,Male,suburban,Fashion,Desktop,Tecno,Canada,Instagram,Doctor,140063,False,True,True
48,Female,suburban,Technology,Mobile,Itel,US,LinkedIn,Engineer,22007,True,True,True
63,Male,urban,Sports,Mobile,Iphone,Tanzania,Twitter,Student,88569,True,False,False
46,Female,rural,Technology,Desktop,GooglePexel,UK,Facebook,Manager,77616,False,True,True
14,Male,urban,Sports,Mobile,Samsung,Canada,Twitter,Teacher,39497,True,True,False
19,Female,rural,Travel,Desktop,Samsung,UK,Twitter,Teacher,135974,False,False,False
39,Female,urban,Sports,Desktop,Iphone,Canada,Instagram,Teacher,98711,False,False,True
21,Male,urban,Fashion,Mobile,GooglePexel,US,LinkedIn,Manager,133633,False,False,True
33,Male,urban,Fashion,Table,Apple,Tanzania,Instagram,Engineer,143392,False,True,True
15,Male,urban,Fashion,Desktop,GooglePexel,Canada,Instagram,Manager,108912,True,True,True
62,Male,rural,Travel,Table,Microsoft,Tanzania,Twitter,Teacher,45701,True,False,True
40,Male,rural,Technology,Table,Itel,Canada,Instagram,Engineer,147368,True,False,True
62,Female,rural,Fashion,Table,Apple,Tanzania,Facebook,Doctor,31802,True,True,False
50,Male,urban,Fashion,Mobile,Samsung,Tanzania,Twitter,Manager,24137,True,True,False
57,Female,urban,Porn,Desktop,Samsung,UK,Facebook,Engineer,135548,False,False,True
49,Female,rural,Technology,Table,Apple,Tanzania,Twitter,Manager,36351,True,True,True
64,Female,rural,Sports,Mobile,Vivo,UK,Facebook,Manager,147549,False,False,True
61,Male,suburban,Technology,Table,Apple,US,LinkedIn,Student,68756,True,False,True
16,Female,suburban,Travel,Desktop,GooglePexel,UK,Facebook,Manager,126035,False,True,False
37,Male,urban,Technology,Mobile,GooglePexel,US,Facebook,Teacher,34424,False,True,False
23,Female,rural,Technology,Desktop,Apple,UK,Instagram,Engineer,61609,True,False,True
63,Male,suburban,Travel,Table,Tecno,UK,Facebook,Manager,99653,False,True,True
47,Female,urban,Technology,Table,Tecno,Canada,Instagram,Engineer,122042,False,True,True
55,Male,suburban,Technology,Table,Apple,Tanzania,LinkedIn,Manager,143187,True,True,True
45,Male,urban,Fashion,Desktop,Tecno,US,Facebook,Teacher,134499,True,True,False
36,Male,urban,Fashion,Table,Apple,UK,Instagram,Manager,62537,False,True,False
61,Female,urban,Porn,Desktop,Microsoft,Canada,Facebook,Teacher,81271,False,False,True
19,Female,urban,Fashion,Table,Itel,Canada,LinkedIn,Teacher,29895,True,False,True
26,Male,urban,Technology,Desktop,Iphone,Canada,LinkedIn,Engineer,149691,False,True,False
15,Male,rural,Travel,Mobile,Itel,UK,LinkedIn,Engineer,137665,True,False,False
46,Male,urban,Porn,Table,Itel,Canada,Instagram,Doctor,92007,True,False,True
54,Male,urban,Fashion,Table,Tecno,UK,Instagram,Student,127030,True,False,False
15,Male,rural,Sports,Desktop,Tecno,US,Instagram,Engineer,27749,True,True,True
25,Male,rural,Fashion,Desktop,Iphone,Canada,Twitter,Engineer,109601,False,False,True
33,Female,urban,Fashion,Table,Vivo,Tanzania,LinkedIn,Student,84452,False,True,False
15,Female,rural,Fashion,Mobile,Itel,UK,LinkedIn,Student,28471,False,True,True
49,Male,urban,Technology,Table,Samsung,Canada,Facebook,Doctor,67372,False,False,True
35,Female,suburban,Porn,Desktop,Samsung,UK,Twitter,Doctor,137071,False,False,False
46,Male,rural,Travel,Table,GooglePexel,Canada,Facebook,Teacher,87607,False,False,False
64,Male,urban,Porn,Desktop,Apple,US,Twitter,Manager,92647,True,True,True
37,Male,urban,Travel,Table,GooglePexel,Canada,Twitter,Engineer,103495,True,True,True
15,Female,rural,Travel,Desktop,Microsoft,Canada,Instagram,Manager,25266,True,False,False
59,Male,suburban,Technology,Table,Apple,US,Instagram,Manager,116712,False,False,False
39,Female,suburban,Travel,Table,Itel,US,LinkedIn,Teacher,28945,True,False,False
32,Male,rural,Travel,Table,Iphone,Canada,LinkedIn,Engineer,48380,False,True,False
46,Female,rural,Porn,Table,Apple,Tanzania,Instagram,Engineer,100689,False,False,False
25,Male,rural,Porn,Table,Tecno,UK,LinkedIn,Student,50094,True,False,False
21,Male,rural,Travel,Desktop,Microsoft,US,LinkedIn,Teacher,131392,True,False,False
30,Male,suburban,Fashion,Desktop,Apple,UK,LinkedIn,Manager,26704,False,False,False
22,Female,rural,Fashion,Desktop,Iphone,US,LinkedIn,Student,115886,False,False,True
38,Female,suburban,Sports,Table,Apple,US,Instagram,Student,52455,True,False,False
45,Female,rural,Porn,Mobile,Microsoft,US,Instagram,Manager,46690,False,False,True
59,Male,rural,Sports,Table,GooglePexel,Canada,Instagram,Manager,143637,True,True,False
25,Male,urban,Porn,Mobile,GooglePexel,UK,Instagram,Teacher,46720,True,False,True
30,Male,rural,Sports,Table,Itel,UK,LinkedIn,Doctor,38949,True,False,False
47,Female,rural,Fashion,Mobile,Microsoft,UK,Instagram,Engineer,50139,False,False,True
45,Male,suburban,Fashion,Desktop,Samsung,US,Twitter,Engineer,88260,False,False,True
29,Male,suburban,Fashion,Table,Microsoft,Canada,Twitter,Doctor,88104,False,False,True
47,Male,urban,Technology,Desktop,Vivo,Tanzania,Instagram,Teacher,146199,False,True,False
48,Female,urban,Sports,Table,Iphone,US,Twitter,Manager,58703,False,False,True
33,Female,suburban,Sports,Desktop,Samsung,Canada,Instagram,Engineer,110705,False,False,True
41,Male,suburban,Porn,Table,Microsoft,Canada,LinkedIn,Manager,84812,True,False,False
16,Female,suburban,Porn,Table,Apple,UK,Facebook,Doctor,76306,False,False,False
33,Female,suburban,Porn,Mobile,Vivo,US,Facebook,Manager,71899,False,True,True
17,Male,urban,Sports,Mobile,Tecno,Canada,Twitter,Manager,116368,True,True,False
53,Male,rural,Sports,Desktop,Iphone,Tanzania,Twitter,Student,147253,False,True,True
23,Male,urban,Technology,Table,Microsoft,US,Instagram,Doctor,75696,True,True,False
38,Female,suburban,Sports,Table,Iphone,Canada,LinkedIn,Student,46281,True,False,False
31,Female,suburban,Sports,Mobile,Iphone,US,LinkedIn,Teacher,63609,True,True,False
40,Male,urban,Technology,Table,Apple,Tanzania,LinkedIn,Student,48185,True,True,False
22,Female,urban,Travel,Mobile,Itel,Tanzania,LinkedIn,Doctor,58893,False,True,False
48,Female,rural,Fashion,Table,Iphone,US,Twitter,Manager,137100,True,True,True
44,Male,urban,Fashion,Mobile,Tecno,UK,Twitter,Doctor,42377,True,True,True
57,Female,urban,Sports,Desktop,Itel,US,LinkedIn,Engineer,27879,False,True,True
49,Male,urban,Fashion,Desktop,Itel,UK,LinkedIn,Student,130928,False,False,False
24,Male,suburban,Sports,Mobile,Iphone,US,LinkedIn,Doctor,75410,False,False,True
47,Male,urban,Technology,Desktop,Vivo,UK,Facebook,Student,93724,True,False,False
28,Male,suburban,Travel,Mobile,Samsung,Canada,Facebook,Engineer,31695,False,True,True
43,Female,rural,Travel,Desktop,Apple,Tanzania,Facebook,Doctor,72530,True,False,False
17,Male,suburban,Technology,Table,Apple,US,Twitter,Engineer,36449,True,False,True
33,Male,urban,Porn,Table,Vivo,Tanzania,Twitter,Teacher,22728,False,True,False
47,Male,suburban,Porn,Mobile,Microsoft,Canada,Twitter,Manager,86456,True,False,False
55,Male,urban,Technology,Desktop,Vivo,US,LinkedIn,Engineer,127171,False,False,True
47,Male,suburban,Sports,Table,GooglePexel,Canada,Instagram,Doctor,75189,True,False,False
38,Female,urban,Sports,Desktop,Itel,US,LinkedIn,Doctor,130305,False,False,False
23,Female,rural,Fashion,Mobile,Tecno,Canada,Facebook,Student,35572,False,True,True
29,Female,suburban,Porn,Table,Itel,Tanzania,Twitter,Teacher,147998,True,True,True
39,Female,urban,Travel,Mobile,Itel,UK,Twitter,Student,84857,False,True,False
55,Male,rural,Fashion,Table,Iphone,US,Twitter,Engineer,141271,False,False,True
50,Male,urban,Travel,Desktop,Apple,US,LinkedIn,Doctor,28662,True,False,False
20,Female,rural,Fashion,Mobile,GooglePexel,Tanzania,Instagram,Engineer,120978,False,False,True
48,Female,urban,Porn,Desktop,Tecno,US,LinkedIn,Engineer,93375,True,True,True
37,Male,suburban,Sports,Desktop,Apple,Tanzania,Twitter,Doctor,114808,True,False,True
45,Male,rural,Fashion,Mobile,Itel,Canada,Facebook,Engineer,32798,False,False,False
21,Male,rural,Fashion,Mobile,Vivo,Canada,Instagram,Manager,83472,True,True,False
22,Female,rural,Fashion,Mobile,Iphone,US,LinkedIn,Student,116362,True,True,False
24,Male,suburban,Travel,Table,Samsung,UK,Instagram,Student,133139,False,False,True
64,Female,urban,Sports,Desktop,GooglePexel,US,LinkedIn,Doctor,23231,False,True,False
23,Female,suburban,Porn,Desktop,Itel,UK,Instagram,Manager,100081,False,True,True
28,Male,suburban,Travel,Desktop,Itel,US,Facebook,Manager,134493,False,True,True
46,Female,suburban,Technology,Table,Apple,UK,Instagram,Doctor,133867,False,True,True
16,Female,urban,Travel,Mobile,Vivo,UK,LinkedIn,Teacher,31404,True,False,False
18,Male,urban,Porn,Mobile,Vivo,Tanzania,LinkedIn,Engineer,87043,True,True,False
43,Male,urban,Travel,Desktop,Itel,UK,Facebook,Engineer,87867,True,True,True
53,Female,urban,Fashion,Desktop,Apple,Canada,LinkedIn,Student,123952,False,True,True
31,Female,rural,Technology,Mobile,Iphone,US,Twitter,Teacher,67556,True,False,True
53,Female,suburban,Travel,Desktop,Vivo,Tanzania,Facebook,Engineer,21667,True,False,False
25,Male,urban,Porn,Table,Itel,Canada,Facebook,Manager,82252,True,False,True
25,Female,suburban,Porn,Table,Samsung,UK,Twitter,Manager,58001,False,False,False
63,Male,urban,Porn,Mobile,Iphone,US,Twitter,Teacher,86889,False,True,False
21,Male,urban,Sports,Table,Apple,US,Facebook,Teacher,64368,False,False,False
18,Female,suburban,Fashion,Desktop,Microsoft,Canada,Instagram,Student,63332,False,True,False
50,Female,suburban,Fashion,Mobile,Iphone,Tanzania,Instagram,Student,57818,True,False,False
18,Female,urban,Technology,Mobile,Vivo,Tanzania,LinkedIn,Doctor,99877,False,True,False
37,Female,rural,Fashion,Table,Itel,Tanzania,Twitter,Student,98415,True,False,True
49,Female,rural,Fashion,Table,Samsung,Tanzania,Twitter,Engineer,83101,False,False,False
36,Male,urban,Porn,Table,Tecno,UK,LinkedIn,Manager,44754,False,False,True
52,Male,rural,Porn,Table,Itel,Canada,Twitter,Doctor,148529,True,True,False
14,Male,rural,Sports,Desktop,Tecno,Tanzania,Instagram,Student,29910,True,False,False
48,Male,urban,Fashion,Mobile,Apple,US,Twitter,Student,94281,True,False,True
21,Male,suburban,Fashion,Desktop,Iphone,UK,Twitter,Doctor,40279,False,True,True
30,Male,urban,Sports,Desktop,Tecno,US,Twitter,Student,125461,True,False,True
14,Male,suburban,Travel,Mobile,Microsoft,US,Twitter,Student,64765,False,False,False
45,Male,urban,Fashion,Table,Samsung,Tanzania,Facebook,Engineer,36484,True,True,False
16,Female,urban,Travel,Desktop,Iphone,UK,LinkedIn,Engineer,113309,False,False,True
38,Male,suburban,Technology,Mobile,GooglePexel,Canada,Facebook,Teacher,39263,True,True,True
30,Male,suburban,Sports,Table,Vivo,US,Instagram,Manager,140026,False,False,True
55,Male,urban,Porn,Table,Iphone,Canada,Twitter,Student,51212,False,True,True
29,Female,rural,Sports,Desktop,Samsung,Canada,LinkedIn,Manager,48250,False,True,True
17,Female,rural,Fashion,Mobile,Samsung,US,Twitter,Manager,137750,True,True,True
42,Male,suburban,Porn,Mobile,Samsung,Tanzania,Twitter,Manager,53272,False,False,True
55,Female,suburban,Technology,Table,Microsoft,Canada,Twitter,Teacher,24321,False,True,False
39,Male,suburban,Travel,Mobile,Samsung,Canada,Instagram,Student,31607,True,True,True
46,Male,urban,Technology,Table,Vivo,US,Facebook,Manager,90659,False,False,True
14,Female,urban,Fashion,Mobile,Itel,US,LinkedIn,Teacher,36277,False,True,True
21,Male,rural,Porn,Mobile,Samsung,UK,Facebook,Student,113406,False,True,True
41,Male,rural,Fashion,Mobile,Itel,US,LinkedIn,Engineer,50617,True,True,False
63,Male,suburban,Sports,Table,Tecno,Canada,Instagram,Engineer,142933,True,True,True
16,Female,rural,Technology,Desktop,Samsung,US,LinkedIn,Engineer,128411,True,False,True
39,Male,urban,Travel,Table,Samsung,Tanzania,Facebook,Student,50362,True,False,False
51,Female,urban,Fashion,Mobile,Apple,UK,Facebook,Student,107520,False,True,False
40,Female,urban,Fashion,Table,Tecno,Tanzania,Instagram,Doctor,122657,False,True,False
55,Male,rural,Fashion,Mobile,Vivo,UK,Instagram,Doctor,118244,True,True,True
61,Female,urban,Porn,Desktop,Itel,US,Twitter,Teacher,26595,True,False,True
17,Male,suburban,Travel,Desktop,Iphone,US,Instagram,Manager,34149,True,True,True
32,Male,suburban,Porn,Mobile,Apple,Canada,LinkedIn,Engineer,27663,False,True,True
38,Female,urban,Travel,Mobile,Apple,Tanzania,Instagram,Student,72836,True,False,True
31,Female,urban,Porn,Mobile,GooglePexel,UK,Twitter,Teacher,80240,True,True,True
16,Male,rural,Porn,Table,Tecno,Canada,Facebook,Engineer,104278,True,True,False
36,Male,urban,Travel,Table,Tecno,UK,Facebook,Student,84860,True,True,True
38,Male,urban,Porn,Table,Microsoft,US,LinkedIn,Student,28839,False,True,True
56,Male,urban,Technology,Table,Iphone,UK,LinkedIn,Teacher,39861,True,False,True
62,Female,urban,Porn,Table,Iphone,US,LinkedIn,Manager,88583,False,True,True
63,Female,rural,Travel,Desktop,Apple,US,Instagram,Manager,45449,False,True,False
39,Female,suburban,Sports,Mobile,Samsung,Tanzania,Facebook,Manager,26192,False,True,True
56,Male,suburban,Porn,Desktop,Microsoft,UK,Facebook,Student,58523,False,False,False
49,Female,suburban,Sports,Desktop,Samsung,Tanzania,Instagram,Teacher,111685,False,False,True
16,Male,urban,Technology,Desktop,Microsoft,US,Instagram,Student,84164,False,False,False
49,Female,suburban,Fashion,Table,Tecno,US,Facebook,Manager,23202,True,True,True
39,Male,suburban,Porn,Table,Apple,UK,Instagram,Doctor,23197,False,True,True
16,Female,rural,Travel,Desktop,Microsoft,US,LinkedIn,Teacher,92194,True,False,True
47,Female,urban,Fashion,Desktop,Itel,Canada,LinkedIn,Teacher,112877,False,False,False
46,Female,rural,Sports,Desktop,Tecno,Tanzania,Facebook,Engineer,92953,False,False,False
58,Male,suburban,Travel,Table,Samsung,UK,LinkedIn,Doctor,76695,True,True,True
17,Male,urban,Technology,Table,Apple,US,Facebook,Teacher,104710,False,True,False
39,Female,suburban,Sports,Mobile,Microsoft,US,Instagram,Doctor,135629,False,True,False
45,Male,urban,Fashion,Table,Samsung,US,Instagram,Doctor,144771,False,False,False
36,Female,suburban,Technology,Desktop,Tecno,Tanzania,Twitter,Manager,103375,False,True,True
35,Female,rural,Technology,Mobile,GooglePexel,Tanzania,Facebook,Manager,95205,True,True,True
26,Male,urban,Porn,Table,Itel,UK,Facebook,Doctor,56970,True,False,True
48,Female,rural,Travel,Table,Iphone,Canada,Instagram,Manager,86796,True,False,False
36,Male,urban,Sports,Desktop,GooglePexel,Canada,LinkedIn,Engineer,92947,True,False,False
64,Male,urban,Travel,Mobile,GooglePexel,Tanzania,LinkedIn,Manager,114790,False,True,False
57,Male,suburban,Fashion,Table,GooglePexel,Canada,Twitter,Manager,133342,True,True,True
41,Male,rural,Porn,Table,Samsung,Canada,Facebook,Teacher,46463,False,True,True
54,Female,urban,Technology,Table,Vivo,Tanzania,LinkedIn,Manager,81629,True,False,True
26,Female,rural,Sports,Desktop,Microsoft,UK,Facebook,Doctor,76431,False,False,True
36,Male,rural,Travel,Mobile,Tecno,US,Facebook,Student,141059,True,True,True
58,Female,suburban,Technology,Mobile,Tecno,US,Twitter,Engineer,37706,True,False,False
42,Male,rural,Porn,Desktop,Vivo,Canada,Instagram,Student,68997,True,False,False
57,Female,suburban,Fashion,Desktop,Microsoft,Canada,Instagram,Teacher,22093,True,True,False
33,Female,urban,Fashion,Table,GooglePexel,US,Twitter,Engineer,69486,True,True,True
32,Male,suburban,Fashion,Table,Tecno,UK,Facebook,Teacher,42182,False,False,False
24,Female,suburban,Porn,Mobile,Vivo,Canada,Facebook,Manager,45097,True,False,False
32,Female,rural,Technology,Desktop,Itel,US,Twitter,Manager,100457,True,False,False
23,Male,suburban,Fashion,Desktop,Iphone,US,Instagram,Student,83351,True,True,True
35,Female,rural,Fashion,Desktop,GooglePexel,Canada,Instagram,Doctor,30428,False,False,True
18,Female,urban,Fashion,Mobile,GooglePexel,UK,LinkedIn,Teacher,78499,True,False,True
23,Male,suburban,Technology,Mobile,GooglePexel,UK,Twitter,Teacher,71829,False,False,False
29,Male,urban,Technology,Table,GooglePexel,UK,LinkedIn,Engineer,74396,False,True,False
37,Female,suburban,Technology,Table,Apple,UK,Instagram,Engineer,43945,False,False,False
48,Female,suburban,Technology,Desktop,GooglePexel,US,Twitter,Doctor,138506,True,False,False
44,Male,suburban,Sports,Table,Microsoft,Tanzania,Instagram,Doctor,103123,False,True,False
27,Female,suburban,Sports,Mobile,Apple,Canada,Twitter,Teacher,119453,False,True,False
29,Female,urban,Technology,Table,Samsung,Tanzania,Twitter,Student,35557,True,False,True
55,Female,suburban,Travel,Mobile,Iphone,US,Twitter,Doctor,47261,True,True,True
24,Male,suburban,Fashion,Mobile,Iphone,Tanzania,Twitter,Student,29447,True,True,False
64,Female,rural,Sports,Mobile,Apple,Canada,Instagram,Teacher,53319,True,True,True
19,Female,urban,Fashion,Table,Itel,Tanzania,Facebook,Doctor,93237,True,True,True
56,Male,suburban,Travel,Desktop,Iphone,Tanzania,Facebook,Manager,53424,False,False,True
58,Female,suburban,Sports,Mobile,Apple,Tanzania,Facebook,Doctor,141145,True,False,True
35,Female,suburban,Porn,Mobile,Microsoft,Tanzania,Instagram,Student,52497,False,True,False
60,Male,suburban,Travel,Table,Tecno,Canada,LinkedIn,Doctor,57237,True,True,False
46,Female,rural,Sports,Mobile,Tecno,Canada,Instagram,Doctor,65992,False,False,False
49,Female,rural,Travel,Table,Iphone,Canada,Instagram,Manager,141795,True,True,False
40,Female,urban,Porn,Mobile,Iphone,UK,Twitter,Manager,120705,False,False,True
33,Female,rural,Sports,Mobile,Iphone,Canada,Facebook,Teacher,82031,True,True,True
19,Male,rural,Sports,Desktop,Apple,UK,Twitter,Teacher,41899,False,True,True
63,Male,urban,Porn,Table,Apple,UK,Facebook,Engineer,129243,True,True,True
39,Female,suburban,Fashion,Mobile,Samsung,UK,Facebook,Teacher,111814,True,False,True
59,Female,urban,Sports,Desktop,Vivo,UK,Instagram,Student,118541,True,True,False
29,Male,urban,Sports,Table,Microsoft,UK,Twitter,Manager,101208,True,False,False
52,Male,suburban,Fashion,Mobile,Apple,Tanzania,LinkedIn,Manager,54296,True,False,True
52,Female,rural,Sports,Mobile,Iphone,Tanzania,Twitter,Engineer,83409,True,False,True
23,Female,rural,Fashion,Mobile,Microsoft,US,Twitter,Teacher,121861,False,False,True
49,Female,suburban,Porn,Mobile,Iphone,Tanzania,Twitter,Engineer,138227,False,True,False
29,Male,rural,Technology,Mobile,Samsung,UK,Facebook,Manager,26743,False,False,True
24,Female,urban,Technology,Mobile,Apple,Canada,LinkedIn,Engineer,46996,True,True,False
63,Female,urban,Porn,Table,Tecno,US,Twitter,Engineer,42930,True,True,False
47,Male,rural,Sports,Table,GooglePexel,US,LinkedIn,Doctor,42041,False,False,True
56,Female,urban,Fashion,Desktop,GooglePexel,Canada,Facebook,Doctor,42658,False,True,True
29,Male,rural,Fashion,Table,Microsoft,UK,LinkedIn,Doctor,30422,True,False,False
54,Male,urban,Porn,Desktop,Microsoft,UK,Twitter,Teacher,139320,False,False,False
41,Male,rural,Fashion,Mobile,Vivo,Canada,LinkedIn,Student,77017,True,False,True
30,Male,suburban,Porn,Table,Tecno,Tanzania,Twitter,Doctor,66653,True,False,False
39,Female,rural,Porn,Mobile,Itel,Canada,LinkedIn,Engineer,148778,False,True,False
59,Male,rural,Sports,Table,GooglePexel,UK,Instagram,Engineer,110776,True,False,True
59,Female,urban,Sports,Mobile,Microsoft,UK,Twitter,Engineer,53121,False,True,True
17,Female,rural,Travel,Mobile,Microsoft,UK,Facebook,Engineer,89327,True,True,False
21,Male,rural,Sports,Table,Vivo,Tanzania,LinkedIn,Engineer,43362,False,False,False
48,Female,rural,Porn,Desktop,Vivo,Canada,Twitter,Doctor,51660,False,True,False
46,Male,rural,Travel,Mobile,Itel,UK,Twitter,Engineer,107771,True,True,True
40,Male,rural,Technology,Desktop,GooglePexel,Tanzania,Twitter,Manager,107605,False,True,False
20,Female,urban,Porn,Mobile,Vivo,Tanzania,LinkedIn,Engineer,123485,False,True,True
38,Female,rural,Sports,Table,GooglePexel,Tanzania,LinkedIn,Doctor,43534,False,False,False
21,Female,suburban,Travel,Table,Samsung,US,Facebook,Teacher,84962,True,True,True
33,Male,rural,Sports,Table,Apple,US,Instagram,Engineer,140038,True,False,False
52,Male,suburban,Technology,Table,Microsoft,UK,Facebook,Doctor,94528,True,True,True
28,Female,suburban,Porn,Desktop,Itel,Tanzania,LinkedIn,Doctor,112867,True,True,True
61,Female,urban,Porn,Table,GooglePexel,Canada,Twitter,Engineer,27930,True,False,False
39,Female,urban,Porn,Mobile,Microsoft,Canada,Facebook,Doctor,72808,True,False,False
35,Male,suburban,Technology,Desktop,Iphone,Canada,Instagram,Manager,43861,False,False,False
60,Female,urban,Sports,Desktop,Vivo,Tanzania,Twitter,Student,37994,True,False,False
33,Female,urban,Technology,Desktop,Vivo,Canada,Instagram,Doctor,96030,True,False,False
42,Female,suburban,Sports,Mobile,Samsung,Tanzania,Instagram,Doctor,143685,True,False,True
56,Male,suburban,Porn,Desktop,Iphone,Canada,Twitter,Student,103969,True,False,False
39,Male,suburban,Fashion,Table,Tecno,US,LinkedIn,Teacher,35028,False,True,True
27,Male,rural,Fashion,Mobile,Tecno,Canada,LinkedIn,Doctor,131778,False,False,False
33,Male,suburban,Travel,Desktop,Samsung,UK,Facebook,Doctor,32557,False,False,True
62,Female,rural,Sports,Desktop,Tecno,Tanzania,Facebook,Student,27353,True,True,False
43,Female,suburban,Fashion,Mobile,Microsoft,US,Twitter,Teacher,47670,False,False,False
33,Male,suburban,Travel,Mobile,Iphone,UK,Twitter,Doctor,143383,True,True,True
38,Male,suburban,Travel,Mobile,Apple,Tanzania,Facebook,Doctor,30734,False,True,False
59,Male,suburban,Fashion,Table,GooglePexel,Canada,Facebook,Student,146430,False,True,True
21,Male,rural,Technology,Desktop,Microsoft,US,Facebook,Student,87802,False,False,False
57,Female,rural,Travel,Table,Tecno,Canada,Instagram,Teacher,130714,True,True,True
23,Male,suburban,Travel,Mobile,Itel,US,Facebook,Teacher,121108,True,False,False
62,Female,rural,Porn,Mobile,Iphone,US,Twitter,Manager,43451,True,True,True
34,Female,suburban,Sports,Desktop,GooglePexel,Tanzania,Instagram,Manager,111347,True,False,False
51,Male,urban,Technology,Mobile,GooglePexel,Canada,Twitter,Teacher,58629,False,True,True
15,Female,suburban,Porn,Desktop,GooglePexel,US,LinkedIn,Student,148020,True,False,True
25,Male,rural,Technology,Table,GooglePexel,Canada,Twitter,Manager,27511,True,True,False
37,Female,suburban,Technology,Mobile,Apple,Tanzania,Twitter,Teacher,86237,True,False,True
50,Female,rural,Fashion,Desktop,GooglePexel,UK,Twitter,Engineer,20638,False,False,True
19,Female,suburban,Sports,Desktop,Tecno,Tanzania,Facebook,Engineer,79018,True,True,True
55,Female,suburban,Technology,Table,Iphone,US,Instagram,Engineer,91825,False,True,False
31,Female,rural,Sports,Desktop,Apple,Canada,LinkedIn,Manager,70642,False,True,False
48,Female,suburban,Technology,Mobile,GooglePexel,Canada,Twitter,Teacher,47918,False,True,False
16,Male,suburban,Travel,Desktop,Apple,Canada,LinkedIn,Engineer,20780,False,False,False
47,Female,urban,Sports,Table,Microsoft,Canada,Instagram,Student,46919,True,True,True
38,Male,urban,Fashion,Table,Tecno,Canada,LinkedIn,Doctor,33715,True,False,False
57,Male,suburban,Travel,Desktop,Samsung,Tanzania,Facebook,Engineer,101738,True,True,False
61,Female,rural,Travel,Desktop,Apple,Tanzania,Twitter,Teacher,127489,False,True,True
31,Male,urban,Porn,Table,Iphone,Canada,Twitter,Teacher,137292,False,True,True
56,Female,urban,Porn,Mobile,Samsung,UK,Facebook,Engineer,131123,True,True,False
25,Female,rural,Fashion,Table,Samsung,US,LinkedIn,Engineer,133642,True,True,False
41,Female,suburban,Technology,Desktop,Apple,Canada,Facebook,Engineer,115524,True,True,False
59,Female,rural,Travel,Table,Microsoft,US,LinkedIn,Engineer,53599,True,True,True
24,Male,urban,Porn,Mobile,Iphone,Canada,Instagram,Student,67707,False,True,False
53,Female,urban,Technology,Table,Microsoft,Tanzania,Instagram,Student,135504,False,True,False
34,Female,rural,Sports,Mobile,Vivo,US,Twitter,Engineer,63913,True,True,True
30,Female,urban,Porn,Table,Itel,Tanzania,LinkedIn,Student,73309,True,False,False
53,Male,rural,Sports,Table,Samsung,US,Instagram,Teacher,122572,True,True,False
61,Female,rural,Fashion,Table,Samsung,Canada,Facebook,Manager,103947,True,True,False
52,Female,suburban,Travel,Mobile,Samsung,Tanzania,Instagram,Manager,110396,True,True,True
49,Female,urban,Porn,Mobile,Vivo,Tanzania,Twitter,Engineer,22500,True,False,True
48,Female,suburban,Technology,Mobile,Vivo,US,Instagram,Doctor,67307,False,True,False
51,Female,urban,Sports,Desktop,Vivo,US,Facebook,Manager,130893,True,True,False
34,Male,rural,Fashion,Mobile,Tecno,UK,LinkedIn,Teacher,55260,False,False,True
17,Male,urban,Technology,Desktop,GooglePexel,Canada,Instagram,Doctor,118657,True,False,True
27,Male,suburban,Technology,Table,Microsoft,Canada,LinkedIn,Engineer,71329,False,True,True
50,Male,rural,Fashion,Mobile,Samsung,Canada,LinkedIn,Student,101304,False,False,True
57,Male,suburban,Technology,Desktop,Samsung,Canada,Twitter,Manager,88108,False,True,False
22,Male,rural,Sports,Mobile,Tecno,UK,Facebook,Student,132359,True,True,False
57,Male,urban,Fashion,Mobile,Iphone,US,Twitter,Doctor,113857,False,False,False
56,Male,suburban,Porn,Mobile,Tecno,UK,Twitter,Doctor,120251,False,False,True
38,Male,rural,Technology,Table,Itel,US,Instagram,Doctor,93160,True,True,False
46,Male,rural,Sports,Table,Itel,Tanzania,Twitter,Student,63510,True,False,True
61,Male,suburban,Sports,Table,Microsoft,US,Twitter,Engineer,117624,False,False,True
47,Female,rural,Porn,Table,Microsoft,Tanzania,Facebook,Manager,140332,True,True,False
17,Female,rural,Technology,Mobile,Tecno,Tanzania,Facebook,Student,118877,True,False,False
30,Male,suburban,Fashion,Table,Itel,US,Facebook,Teacher,59677,True,False,True
17,Female,rural,Fashion,Table,GooglePexel,UK,Twitter,Student,21517,False,True,False
15,Male,urban,Porn,Mobile,Microsoft,US,LinkedIn,Student,125472,False,False,True
48,Male,suburban,Travel,Table,Itel,Tanzania,Instagram,Manager,27590,False,False,False
51,Male,urban,Sports,Mobile,Apple,UK,Twitter,Student,92814,True,False,True
56,Female,urban,Travel,Desktop,Apple,US,Twitter,Doctor,95106,True,False,False
55,Female,suburban,Fashion,Desktop,Apple,Tanzania,LinkedIn,Doctor,114553,True,True,False
22,Female,rural,Porn,Desktop,Vivo,Canada,Twitter,Teacher,115219,True,True,True
44,Male,rural,Sports,Mobile,Vivo,UK,Facebook,Engineer,24618,True,True,False
47,Female,urban,Travel,Desktop,GooglePexel,UK,Facebook,Manager,118312,True,True,True
43,Female,rural,Porn,Mobile,Microsoft,Canada,LinkedIn,Manager,139317,True,True,True
61,Male,suburban,Sports,Table,Samsung,Canada,Facebook,Engineer,144254,True,True,False
38,Female,urban,Porn,Table,Apple,US,Facebook,Doctor,127498,True,False,False
58,Female,suburban,Travel,Table,Samsung,Tanzania,LinkedIn,Student,35452,True,True,True
62,Female,suburban,Travel,Mobile,Vivo,US,LinkedIn,Engineer,104424,False,True,True
62,Male,urban,Sports,Table,Vivo,UK,Twitter,Teacher,137783,False,False,False
49,Female,rural,Sports,Mobile,Samsung,Tanzania,Facebook,Manager,103055,True,True,True
39,Female,rural,Technology,Desktop,Tecno,US,LinkedIn,Doctor,21105,True,False,True
43,Male,urban,Porn,Mobile,Samsung,Canada,LinkedIn,Teacher,111104,True,False,True
36,Female,suburban,Travel,Mobile,Itel,US,Facebook,Teacher,74645,False,True,True
61,Female,suburban,Fashion,Mobile,Vivo,UK,Instagram,Manager,32826,True,True,True
26,Male,rural,Sports,Mobile,Apple,Tanzania,Instagram,Doctor,52775,True,False,False
51,Female,suburban,Fashion,Mobile,Apple,UK,LinkedIn,Doctor,96165,True,False,False
37,Female,rural,Porn,Mobile,Tecno,US,Facebook,Engineer,133630,True,True,False
53,Female,suburban,Travel,Table,Microsoft,US,Facebook,Doctor,27640,True,True,False
51,Female,rural,Technology,Table,Microsoft,UK,Instagram,Doctor,53919,False,False,True
40,Female,rural,Travel,Table,Microsoft,Canada,Instagram,Engineer,104636,False,True,False
59,Female,urban,Fashion,Mobile,Microsoft,US,Facebook,Student,144368,True,True,False
19,Male,rural,Fashion,Desktop,Microsoft,Tanzania,Instagram,Student,140353,False,True,True
56,Male,suburban,Fashion,Desktop,Apple,UK,Facebook,Student,66243,True,False,False
39,Female,suburban,Technology,Desktop,Vivo,Canada,Twitter,Manager,127723,False,True,False
27,Male,urban,Porn,Table,Vivo,Canada,Facebook,Doctor,30883,False,True,True
19,Female,rural,Technology,Desktop,Vivo,Tanzania,Facebook,Teacher,139749,True,True,True
36,Female,suburban,Fashion,Desktop,Tecno,UK,Instagram,Manager,148256,True,True,False
17,Female,rural,Technology,Mobile,Microsoft,UK,Twitter,Doctor,58972,True,False,True
14,Female,rural,Porn,Table,Microsoft,Tanzania,Twitter,Teacher,148093,False,True,True
60,Male,suburban,Sports,Table,Iphone,Canada,Facebook,Student,71172,True,False,False
58,Male,urban,Technology,Table,Tecno,UK,LinkedIn,Doctor,133646,True,False,False
14,Male,rural,Travel,Desktop,Itel,Tanzania,Instagram,Engineer,63925,False,True,False
55,Female,suburban,Fashion,Desktop,Vivo,Tanzania,Twitter,Teacher,38519,False,False,True
53,Female,rural,Porn,Mobile,Microsoft,UK,Instagram,Student,96146,False,False,True
45,Female,rural,Porn,Mobile,Tecno,UK,Instagram,Engineer,133909,True,True,False
58,Male,urban,Technology,Table,GooglePexel,US,LinkedIn,Student,24431,False,False,False
14,Male,suburban,Technology,Desktop,Itel,US,LinkedIn,Manager,109293,False,False,True
59,Female,rural,Porn,Desktop,Samsung,Tanzania,Facebook,Student,43879,True,True,True
50,Male,suburban,Porn,Desktop,Vivo,US,Facebook,Teacher,116282,True,False,False
64,Female,rural,Sports,Mobile,Microsoft,Tanzania,Facebook,Doctor,30159,True,True,True
35,Female,urban,Porn,Desktop,Vivo,Canada,Twitter,Student,101559,False,True,True
61,Male,suburban,Travel,Desktop,Tecno,UK,Instagram,Doctor,39232,True,False,True
40,Male,urban,Technology,Desktop,Iphone,UK,LinkedIn,Engineer,106036,True,False,True
20,Female,rural,Sports,Table,Vivo,UK,Facebook,Teacher,96640,False,True,False
48,Male,suburban,Fashion,Table,Tecno,US,Instagram,Manager,141924,False,False,True
51,Male,rural,Technology,Table,Microsoft,UK,LinkedIn,Doctor,136167,True,False,True
51,Female,rural,Porn,Mobile,Iphone,US,Twitter,Doctor,42749,False,False,False
42,Male,rural,Fashion,Table,Microsoft,US,Facebook,Manager,120604,True,True,False
27,Female,rural,Travel,Table,GooglePexel,Canada,Instagram,Teacher,41753,False,False,True
27,Male,urban,Fashion,Mobile,Samsung,UK,LinkedIn,Student,26151,False,False,False
47,Female,rural,Fashion,Table,Apple,US,LinkedIn,Teacher,52202,True,True,False
41,Male,suburban,Porn,Desktop,Itel,Tanzania,Facebook,Engineer,92668,False,True,True
53,Male,urban,Technology,Desktop,Iphone,UK,LinkedIn,Student,58131,False,True,True
56,Male,rural,Sports,Mobile,Itel,US,LinkedIn,Engineer,25026,False,False,True
28,Male,rural,Fashion,Table,Tecno,US,LinkedIn,Engineer,83385,True,False,True
58,Male,suburban,Sports,Desktop,Iphone,Tanzania,Twitter,Engineer,121659,False,False,True
56,Female,rural,Sports,Desktop,GooglePexel,Tanzania,LinkedIn,Engineer,50470,False,False,True
44,Male,urban,Fashion,Mobile,GooglePexel,UK,Twitter,Doctor,97873,True,False,False
58,Male,urban,Porn,Table,Samsung,Tanzania,LinkedIn,Student,63861,False,True,True
40,Male,urban,Fashion,Mobile,Vivo,UK,Twitter,Manager,116647,False,False,True
63,Male,rural,Fashion,Mobile,Tecno,UK,Facebook,Manager,43649,True,True,False
48,Female,urban,Porn,Desktop,Itel,US,LinkedIn,Student,87343,True,False,False
30,Male,suburban,Fashion,Mobile,Iphone,UK,LinkedIn,Engineer,40153,False,True,True
43,Female,suburban,Sports,Desktop,Vivo,US,LinkedIn,Manager,44127,True,False,False
41,Male,urban,Porn,Table,Apple,US,Twitter,Doctor,45246,True,True,False
27,Male,rural,Technology,Table,Vivo,US,Twitter,Manager,22240,True,True,False
63,Male,rural,Sports,Table,Vivo,Tanzania,Instagram,Doctor,126020,True,True,True
25,Male,suburban,Sports,Mobile,Microsoft,UK,Facebook,Teacher,79468,False,False,False
41,Female,urban,Sports,Desktop,Samsung,UK,LinkedIn,Doctor,100012,False,True,False
62,Male,rural,Fashion,Mobile,GooglePexel,Tanzania,Instagram,Doctor,47079,True,False,False
52,Male,rural,Travel,Desktop,Iphone,Canada,Twitter,Engineer,99627,False,True,False
27,Male,urban,Sports,Mobile,GooglePexel,Canada,Instagram,Student,84247,True,False,False
49,Male,rural,Travel,Table,GooglePexel,US,Instagram,Engineer,57103,False,False,False
36,Female,rural,Fashion,Mobile,GooglePexel,Tanzania,LinkedIn,Teacher,129217,False,False,False
15,Male,urban,Sports,Mobile,Vivo,Canada,Facebook,Manager,70495,False,False,True
52,Male,urban,Porn,Table,GooglePexel,US,Twitter,Engineer,79241,False,True,True
57,Male,suburban,Fashion,Mobile,Vivo,Tanzania,Facebook,Teacher,92328,True,True,True
54,Female,suburban,Fashion,Desktop,Iphone,Canada,Twitter,Doctor,76506,True,False,True
21,Male,urban,Fashion,Desktop,Vivo,Canada,LinkedIn,Student,90170,False,True,True
20,Female,suburban,Porn,Table,Vivo,Canada,Facebook,Student,82464,True,True,False
63,Male,urban,Porn,Table,Iphone,US,Twitter,Manager,52304,True,True,True
16,Male,urban,Fashion,Desktop,Iphone,US,Facebook,Teacher,131698,False,False,True
29,Female,urban,Technology,Desktop,GooglePexel,US,LinkedIn,Doctor,114628,False,True,True
26,Male,rural,Sports,Mobile,GooglePexel,US,LinkedIn,Engineer,71988,True,True,False
23,Female,rural,Technology,Table,Tecno,Tanzania,Twitter,Engineer,149074,False,True,False
43,Female,suburban,Fashion,Desktop,Tecno,Canada,LinkedIn,Doctor,32858,False,False,True
43,Female,rural,Sports,Table,Vivo,Tanzania,Instagram,Engineer,32568,False,False,True
30,Male,suburban,Travel,Table,Iphone,Canada,Facebook,Doctor,110430,False,True,True
46,Male,rural,Fashion,Desktop,Iphone,Canada,Instagram,Student,37530,True,False,False
56,Female,suburban,Fashion,Table,Itel,UK,Facebook,Teacher,78059,True,False,True
18,Female,rural,Porn,Mobile,GooglePexel,Canada,LinkedIn,Engineer,119307,True,False,True
45,Male,suburban,Fashion,Table,Microsoft,US,Twitter,Teacher,61005,True,False,False
22,Male,urban,Porn,Mobile,Itel,UK,Instagram,Teacher,117857,True,True,True
22,Male,rural,Travel,Mobile,Microsoft,Canada,Instagram,Engineer,85183,True,False,True
49,Female,rural,Technology,Mobile,Iphone,Tanzania,LinkedIn,Student,25301,False,False,False
19,Female,urban,Porn,Table,Itel,Tanzania,Instagram,Manager,134749,True,True,True
62,Male,suburban,Porn,Mobile,Apple,Tanzania,LinkedIn,Doctor,54360,False,False,False
58,Female,rural,Technology,Table,GooglePexel,UK,Instagram,Engineer,44717,True,False,False
64,Female,rural,Technology,Desktop,Microsoft,US,Facebook,Manager,122886,False,True,True
42,Female,urban,Fashion,Mobile,GooglePexel,Tanzania,LinkedIn,Student,35514,False,False,False
32,Female,urban,Technology,Table,Microsoft,Canada,Facebook,Doctor,106890,True,False,True
39,Female,urban,Fashion,Desktop,GooglePexel,US,Facebook,Student,36543,True,False,False
16,Female,rural,Travel,Mobile,Samsung,Tanzania,Instagram,Engineer,27820,False,True,False
39,Male,urban,Sports,Mobile,Samsung,Tanzania,LinkedIn,Student,70256,True,False,True
24,Female,rural,Fashion,Table,Iphone,UK,Instagram,Teacher,70237,True,True,False
56,Female,suburban,Sports,Desktop,Iphone,UK,LinkedIn,Engineer,70898,False,False,True
64,Female,rural,Porn,Mobile,Apple,US,Instagram,Student,102104,True,False,False
24,Male,rural,Technology,Mobile,Tecno,Tanzania,Facebook,Engineer,58003,False,True,True
45,Male,urban,Fashion,Mobile,Apple,Canada,LinkedIn,Manager,63799,True,False,False
34,Male,urban,Technology,Table,Tecno,US,Instagram,Engineer,134616,True,True,False
29,Female,suburban,Fashion,Mobile,Apple,Canada,Instagram,Engineer,31057,False,True,False
37,Female,suburban,Technology,Desktop,Tecno,Canada,LinkedIn,Engineer,26478,True,True,False
16,Male,urban,Technology,Mobile,Itel,US,Twitter,Manager,135541,True,False,True
47,Female,rural,Sports,Desktop,Iphone,UK,Facebook,Student,32319,False,False,True
54,Female,rural,Technology,Desktop,Iphone,Canada,Twitter,Manager,79733,True,True,True
63,Male,urban,Travel,Mobile,Tecno,UK,LinkedIn,Teacher,63022,False,False,True
32,Male,rural,Sports,Table,Itel,UK,LinkedIn,Teacher,50882,False,False,False
34,Female,rural,Fashion,Table,Vivo,UK,Facebook,Doctor,45435,True,True,False
41,Male,urban,Technology,Table,Iphone,Tanzania,Twitter,Teacher,75638,True,True,True
30,Female,suburban,Porn,Table,Samsung,Tanzania,LinkedIn,Student,99879,True,False,False
54,Female,rural,Sports,Mobile,Microsoft,US,Twitter,Engineer,98793,True,False,True
58,Male,urban,Fashion,Desktop,Microsoft,Tanzania,Twitter,Teacher,92067,False,True,True
16,Female,rural,Fashion,Table,GooglePexel,UK,LinkedIn,Teacher,148090,True,True,False
32,Male,rural,Travel,Table,Vivo,Canada,Facebook,Teacher,125803,False,True,True
26,Female,rural,Technology,Table,Apple,Tanzania,LinkedIn,Engineer,147188,False,False,False
25,Male,rural,Porn,Table,Apple,UK,Instagram,Engineer,97936,False,True,True
